selection_rank,opportunity_id,outlet_id,opportunity_type,priority_score,priority_band,action_urgency,queue_reason,evidence,recommended_action,global_rank,type_rank,score,priority,revenue_30d,revenue_previous_30d,revenue_per_visit_30d,target_achievement_pct,revenue_index_vs_peer,visits_30d,productive_visits_30d,ev_target_category,ev_territory_category_rank,ev_territory_category_orders_90d,ev_current_category_count_90d,ev_revenue_previous_30d,ev_revenue_30d,ev_revenue_growth_30d,ev_revenue_gap_vs_previous_30d,ev_orders_previous_30d,ev_orders_30d,ev_revenue_index_vs_peer,ev_days_since_last_order,ev_stockout_events_90d,ev_stockout_rate_90d,ev_avg_closing_stock_90d
1,OPP-000187,303,Cross-Sell,98.86,P1,Immediate,Selected by highest original priority score within diversity constraints.,"{""target_category"": ""Snacks"", ""territory_category_rank"": 1, ""territory_category_orders_90d"": 1879, ""current_category_count_90d"": 0}","Introduce Snacks during the next outlet visit and assess fit, expected demand, and an initial reorder quantity.",1,1,100.0,HIGH,0.0,0.0,0.0,0.0,0.0,1.0,0.0,Snacks,1.0,1879.0,0.0,,,,,,,,,,,
2,OPP-000433,685,Cross-Sell,98.86,P1,Immediate,Selected by highest original priority score within diversity constraints.,"{""target_category"": ""Snacks"", ""territory_category_rank"": 1, ""territory_category_orders_90d"": 1879, ""current_category_count_90d"": 0}","Introduce Snacks during the next outlet visit and assess fit, expected demand, and an initial reorder quantity.",2,2,100.0,HIGH,0.0,0.0,0.0,0.0,0.0,2.0,1.0,Snacks,1.0,1879.0,0.0,,,,,,,,,,,
3,OPP-000783,1208,Cross-Sell,98.86,P1,Immediate,Selected by highest original priority score within diversity constraints.,"{""target_category"": ""Snacks"", ""territory_category_rank"": 1, ""territory_category_orders_90d"": 1879, ""current_category_count_90d"": 0}","Introduce Snacks during the next outlet visit and assess fit, expected demand, and an initial reorder quantity.",3,3,100.0,HIGH,0.0,0.0,0.0,0.0,0.0,2.0,2.0,Snacks,1.0,1879.0,0.0,,,,,,,,,,,
4,OPP-001230,1855,Cross-Sell,98.86,P1,Immediate,Selected by highest original priority score within diversity constraints.,"{""target_category"": ""Snacks"", ""territory_category_rank"": 1, ""territory_category_orders_90d"": 1879, ""current_category_count_90d"": 0}","Introduce Snacks during the next outlet visit and assess fit, expected demand, and an initial reorder quantity.",4,4,100.0,HIGH,0.0,0.0,0.0,0.0,0.0,2.0,1.0,Snacks,1.0,1879.0,0.0,,,,,,,,,,,
5,OPP-001224,1850,Cross-Sell,82.49,P1,Immediate,Selected by highest original priority score within diversity constraints.,"{""target_category"": ""Beverages"", ""territory_category_rank"": 2, ""territory_category_orders_90d"": 1822, ""current_category_count_90d"": 1}","Introduce Beverages during the next outlet visit and assess fit, expected demand, and an initial reorder quantity.",110,53,91.0,HIGH,0.0,1228.43,0.0,0.0,0.0,0.0,0.0,Beverages,2.0,1822.0,1.0,,,,,,,,,,,
6,OPP-001244,1872,Revenue Recovery,97.4,P1,Immediate,Selected by highest original priority score within diversity constraints.,"{""revenue_previous_30d"": 43698.89, ""revenue_30d"": 674.71, ""revenue_growth_30d"": -0.9846, ""revenue_gap_vs_previous_30d"": 43024.18, ""orders_previous_30d"": 9, ""orders_30d"": 1, ""revenue_index_vs_peer"": 0.031}","Review the outlet's recent order decline, identify the lost SKU/category demand, and schedule a recovery visit with a targeted reorder proposal.",7,1,96.78,HIGH,674.71,43698.89,168.6775,1.1018132536682066,0.031415928482445,4.0,4.0,,,,,43698.89,674.71,-0.9846,43024.18,9.0,1.0,0.031,,,,
7,OPP-001605,2381,Revenue Recovery,95.17,P1,Immediate,Selected by highest original priority score within diversity constraints.,"{""revenue_previous_30d"": 49261.97, ""revenue_30d"": 2017.44, ""revenue_growth_30d"": -0.959, ""revenue_gap_vs_previous_30d"": 47244.53, ""orders_previous_30d"": 7, ""orders_30d"": 1, ""revenue_index_vs_peer"": 0.1}","Review the outlet's recent order decline, identify the lost SKU/category demand, and schedule a recovery visit with a targeted reorder proposal.",13,2,93.49,HIGH,2017.44,49261.97,0.0,3.3755404162503937,0.0997329006749411,0.0,0.0,,,,,49261.97,2017.44,-0.959,47244.53,7.0,1.0,0.1,,,,
8,OPP-001694,2512,Revenue Recovery,95.06,P1,Immediate,Selected by highest original priority score within diversity constraints.,"{""revenue_previous_30d"": 40001.08, ""revenue_30d"": 1654.67, ""revenue_growth_30d"": -0.9586, ""revenue_gap_vs_previous_30d"": 38346.41, ""orders_previous_30d"": 7, ""orders_30d"": 1, ""revenue_index_vs_peer"": 0.067}","Review the outlet's recent order decline, identify the lost SKU/category demand, and schedule a recovery visit with a targeted reorder proposal.",14,3,93.96,HIGH,1654.67,40001.08,551.5566666666667,2.8633522681061385,0.0669163488011698,3.0,3.0,,,,,40001.08,1654.67,-0.9586,38346.41,7.0,1.0,0.067,,,,
9,OPP-001602,2377,Revenue Recovery,93.94,P1,Immediate,Selected by highest original priority score within diversity constraints.,"{""revenue_previous_30d"": 75011.89, ""revenue_30d"": 2940.07, ""revenue_growth_30d"": -0.9608, ""revenue_gap_vs_previous_30d"": 72071.82, ""orders_previous_30d"": 10, ""orders_30d"": 2, ""revenue_index_vs_peer"": 0.144}","Review the outlet's recent order decline, identify the lost SKU/category demand, and schedule a recovery visit with a targeted reorder proposal.",15,4,92.09,HIGH,2940.075,75011.89,980.025,4.336003053412147,0.1444993948627843,3.0,2.0,,,,,75011.89,2940.07,-0.9608,72071.82,10.0,2.0,0.144,,,,
10,OPP-001115,1704,Revenue Recovery,93.5,P1,Immediate,Selected by highest original priority score within diversity constraints.,"{""revenue_previous_30d"": 45336.37, ""revenue_30d"": 2734.97, ""revenue_growth_30d"": -0.9397, ""revenue_gap_vs_previous_30d"": 42601.4, ""orders_previous_30d"": 7, ""orders_30d"": 1, ""revenue_index_vs_peer"": 0.137}","Review the outlet's recent order decline, identify the lost SKU/category demand, and schedule a recovery visit with a targeted reorder proposal.",23,5,91.58,HIGH,2734.97,45336.37,1367.485,3.80462831503614,0.1369368223649573,2.0,1.0,,,,,45336.37,2734.97,-0.9397,42601.4,7.0,1.0,0.137,,,,
11,OPP-000341,547,Revenue Recovery,93.47,P1,Immediate,Selected by highest original priority score within diversity constraints.,"{""revenue_previous_30d"": 41641.45, ""revenue_30d"": 2258.6, ""revenue_growth_30d"": -0.9458, ""revenue_gap_vs_previous_30d"": 39382.85, ""orders_previous_30d"": 6, ""orders_30d"": 1, ""revenue_index_vs_peer"": 0.118}","Review the outlet's recent order decline, identify the lost SKU/category demand, and schedule a recovery visit with a targeted reorder proposal.",24,6,91.94,HIGH,2258.6,41641.45,0.0,3.767946165715226,0.1177684889253768,0.0,0.0,,,,,41641.45,2258.6,-0.9458,39382.85,6.0,1.0,0.118,,,,
12,OPP-000004,6,Revenue Recovery,93.41,P1,Immediate,Selected by highest original priority score within diversity constraints.,"{""revenue_previous_30d"": 40232.18, ""revenue_30d"": 2260.19, ""revenue_growth_30d"": -0.9438, ""revenue_gap_vs_previous_30d"": 37971.99, ""orders_previous_30d"": 6, ""orders_30d"": 1, ""revenue_index_vs_peer"": 0.112}","Review the outlet's recent order decline, identify the lost SKU/category demand, and schedule a recovery visit with a targeted reorder proposal.",25,7,91.89,HIGH,2260.19,40232.18,753.3966666666666,13.825366360407427,0.1117333376836462,3.0,2.0,,,,,40232.18,2260.19,-0.9438,37971.99,6.0,1.0,0.112,,,,
13,OPP-001421,2129,Stock Risk,92.22,P1,Immediate,Selected by highest original priority score within diversity constraints.,"{""stockout_events_90d"": 46, ""stockout_rate_90d"": 0.2359, ""avg_closing_stock_90d"": 0.933}",Review recent stockout frequency and replenish at-risk SKUs; coordinate with the distributor before the next sales visit.,26,1,76.67,MEDIUM,12919.27,16904.57,3229.8175,18.19212960061936,0.6015486095735911,4.0,4.0,,,,,,,,,,,,,46.0,0.2359,0.933
14,OPP-000347,553,Inactive Outlet,91.92,P1,Immediate,Selected by highest original priority score within diversity constraints.,"{""revenue_previous_30d"": 27905.91, ""revenue_30d"": 0.0, ""orders_previous_30d"": 4, ""orders_30d"": 0, ""days_since_last_order"": 52}","Prioritize a win-back visit, diagnose the reason for inactivity, and attempt a targeted reorder based on the outlet's prior mix.",27,1,84.0,HIGH,0.0,27905.91,0.0,0.0,0.0,3.0,1.0,,,,,27905.91,0.0,,,4.0,0.0,,52.0,,,
15,OPP-000417,656,Stock Risk,91.54,P1,Immediate,Selected by highest original priority score within diversity constraints.,"{""stockout_events_90d"": 13, ""stockout_rate_90d"": 0.0667, ""avg_closing_stock_90d"": 0.933}",Review recent stockout frequency and replenish at-risk SKUs; coordinate with the distributor before the next sales visit.,29,2,65.0,MEDIUM,1886.17,27378.19,628.7233333333334,3.3488022453062407,0.0944383763771126,3.0,3.0,,,,,,,,,,,,,13.0,0.0667,0.933
16,OPP-001973,2890,Inactive Outlet,90.46,P1,Immediate,Selected by highest original priority score within diversity constraints.,"{""revenue_previous_30d"": 23596.58, ""revenue_30d"": 0.0, ""orders_previous_30d"": 4, ""orders_30d"": 0, ""days_since_last_order"": 51}","Prioritize a win-back visit, diagnose the reason for inactivity, and attempt a targeted reorder based on the outlet's prior mix.",38,2,82.0,HIGH,0.0,23596.58,0.0,0.0,0.0,2.0,1.0,,,,,23596.58,0.0,,,4.0,0.0,,51.0,,,
17,OPP-000159,256,Stock Risk,90.09,P1,Immediate,Selected by highest original priority score within diversity constraints.,"{""stockout_events_90d"": 11, ""stockout_rate_90d"": 0.0564, ""avg_closing_stock_90d"": 0.944}",Review recent stockout frequency and replenish at-risk SKUs; coordinate with the distributor before the next sales visit.,40,3,65.0,MEDIUM,4597.05,416.29,1532.35,6.402307312422235,0.2397005366219799,3.0,3.0,,,,,,,,,,,,,11.0,0.0564,0.944
18,OPP-000573,895,Stock Risk,90.09,P1,Immediate,Selected by highest original priority score within diversity constraints.,"{""stockout_events_90d"": 11, ""stockout_rate_90d"": 0.0564, ""avg_closing_stock_90d"": 0.944}",Review recent stockout frequency and replenish at-risk SKUs; coordinate with the distributor before the next sales visit.,41,4,65.0,MEDIUM,33471.92,33581.59,33471.92,54.8783964819506,1.6546968795897654,1.0,0.0,,,,,,,,,,,,,11.0,0.0564,0.944
19,OPP-001977,2899,Stock Risk,90.09,P1,Immediate,Selected by highest original priority score within diversity constraints.,"{""stockout_events_90d"": 11, ""stockout_rate_90d"": 0.0564, ""avg_closing_stock_90d"": 0.944}",Review recent stockout frequency and replenish at-risk SKUs; coordinate with the distributor before the next sales visit.,42,5,65.0,MEDIUM,26810.24,24152.35,5362.048000000001,45.3096483674899,1.307516813218433,5.0,3.0,,,,,,,,,,,,,11.0,0.0564,0.944
20,OPP-001263,1900,Inactive Outlet,89.5,P1,Immediate,Selected by highest original priority score within diversity constraints.,"{""revenue_previous_30d"": 23017.92, ""revenue_30d"": 0.0, ""orders_previous_30d"": 4, ""orders_30d"": 0, ""days_since_last_order"": 50}","Prioritize a win-back visit, diagnose the reason for inactivity, and attempt a targeted reorder based on the outlet's prior mix.",44,3,80.0,HIGH,0.0,23017.92,0.0,0.0,0.0,5.0,5.0,,,,,23017.92,0.0,,,4.0,0.0,,50.0,,,
